Workbook

Sheet Schedule
B2: Parametric APDL Horizontal Tailplane Structural Analysis | D2: Total Tasks | E2: Completed | F2: In Progress | G2: Pending | H2: Proposal Milestone
B3: Project Schedule & Milestone Tracking | D3: =COUNTA(B7:B16) -> 10 | E3: =COUNTIF(E7:E17,"Completed") -> 3 | F3: =COUNTIF(E7:E17,"In Progress") -> 1 | G3: =COUNTIF(E7:E17,"Pending") -> 6 | H3: 46295
B6: Task ID | C6: Task Name | D6: Category / Deliverable | E6: Status | F6: Start Date | G6: End Date | H6: Duration (Days)
B7: T-01 | C7: Initial topic study (aircraft window structure) | D7: Topic Selection & Literature | E7: Completed | F7: 46281 | G7: 46287 | H7: =G7-F7+1 -> 7
B8: T-02 | C8: Topic change to horizontal tailplane; literature review | D8: Topic Selection & Literature | E8: Completed | F8: 46288 | G8: 46290 | H8: =G8-F8+1 -> 3
B9: T-03 | C9: Step 1: Data collection & parameter definition | D9: Stage 1: Input Data | E9: Completed | F9: 46291 | G9: 46292 | H9: =G9-F9+1 -> 2
B10: T-04 | C10: Step 2: Parametric APDL script development | D10: Stage 2a: APDL Script | E10: In Progress | F10: 46293 | G10: 46295 | H10: =G10-F10+1 -> 3
B11: T-05 | C11: Proposal presentation for project approval | D11: Major Milestone | E11: Pending | F11: 46295 | G11: 46295 | H11: =G11-F11+1 -> 1
B12: T-06 | C12: Step 3: SFBM load pre-processing (MATLAB) | D12: Stage 2b: Load Reconstruction | E12: Pending | F12: 46296 | G12: 46297 | H12: =G12-F12+1 -> 2
B13: T-07 | C13: Step 4: Configuration setup & Step 5: Model verification | D13: Stage 3a-b: Setup & Verification | E13: Pending | F13: 46298 | G13: 46299 | H13: =G13-F13+1 -> 2
B14: T-08 | C14: Step 6: Static analysis & Step 7: Baseline validation | D14: Stage 3c: Static FEM Analysis | E14: Pending | F14: 46300 | G14: 46301 | H14: =G14-F14+1 -> 2
B15: T-09 | C15: Step 8: Evaluation & comparison (Config A, B, C) | D15: Stage 3d: Optimization | E15: Pending | F15: 46302 | G15: 46303 | H15: =G15-F15+1 -> 2
B16: T-10 | C16: Step 9: Final Report preparation | D16: Documentation & Submission | E16: Pending | F16: 46304 | G16: 46305 | H16: =G16-F16+1 -> 2
B17: Total | H17: =SUM(H7:H16) -> 26

Sheet Gantt Chart
B2: Horizontal Tailplane Project Timeline (Gantt Chart)
B3: Visual Project Workflow | Aerospace Structural Optimization
B5: Task ID | C5: Task Name | D5: Status | E5: 46281 | F5: 46282 | G5: 46283 | H5: 46284 | I5: 46285 | J5: 46286 | K5: 46287 | L5: 46288 | M5: 46289 | N5: 46290 | O5: 46291 | P5: 46292 | Q5: 46293 | R5: 46294 | S5: 46295 | T5: 46296 | U5: 46297 | V5: 46298 | W5: 46299 | X5: 46300 | Y5: 46301 | Z5: 46302 | AA5: 46303 | AB5: 46304 | AC5: 46305
B6: =Schedule!B7 -> T-01 | C6: =Schedule!C7 -> Initial topic study (aircraft window structure) | D6: =Schedule!E7 -> Completed | E6: =IF(AND(E$5>=Schedule!$F7,E$5<=Schedule!$G7),"█","") -> █ | F6: =IF(AND(F$5>=Schedule!$F7,F$5<=Schedule!$G7),"█","") -> █ | G6: =IF(AND(G$5>=Schedule!$F7,G$5<=Schedule!$G7),"█","") -> █ | H6: =IF(AND(H$5>=Schedule!$F7,H$5<=Schedule!$G7),"█","") -> █ | I6: =IF(AND(I$5>=Schedule!$F7,I$5<=Schedule!$G7),"█","") -> █ | J6: =IF(AND(J$5>=Schedule!$F7,J$5<=Schedule!$G7),"█","") -> █ | K6: =IF(AND(K$5>=Schedule!$F7,K$5<=Schedule!$G7),"█","") -> █ | L6: =IF(AND(L$5>=Schedule!$F7,L$5<=Schedule!$G7),"█","") | ... AC6: =IF(AND(AC$5>=Schedule!$F7,AC$5<=Schedule!$G7),"█","")
B7: =Schedule!B8 -> T-02 | C7: =Schedule!C8 -> Topic change to horizontal tailplane; literature review | D7: =Schedule!E8 -> Completed | E7: =IF(AND(E$5>=Schedule!$F8,E$5<=Schedule!$G8),"█","") | F7: =IF(AND(F$5>=Schedule!$F8,F$5<=Schedule!$G8),"█","") | G7: =IF(AND(G$5>=Schedule!$F8,G$5<=Schedule!$G8),"█","") | H7: =IF(AND(H$5>=Schedule!$F8,H$5<=Schedule!$G8),"█","") | I7: =IF(AND(I$5>=Schedule!$F8,I$5<=Schedule!$G8),"█","") | J7: =IF(AND(J$5>=Schedule!$F8,J$5<=Schedule!$G8),"█","") | K7: =IF(AND(K$5>=Schedule!$F8,K$5<=Schedule!$G8),"█","") | L7: =IF(AND(L$5>=Schedule!$F8,L$5<=Schedule!$G8),"█","") -> █ | ... AC7: =IF(AND(AC$5>=Schedule!$F8,AC$5<=Schedule!$G8),"█","")
B8: =Schedule!B9 -> T-03 | C8: =Schedule!C9 -> Step 1: Data collection & parameter definition | D8: =Schedule!E9 -> Completed | E8: =IF(AND(E$5>=Schedule!$F9,E$5<=Schedule!$G9),"█","") | F8: =IF(AND(F$5>=Schedule!$F9,F$5<=Schedule!$G9),"█","") | G8: =IF(AND(G$5>=Schedule!$F9,G$5<=Schedule!$G9),"█","") | H8: =IF(AND(H$5>=Schedule!$F9,H$5<=Schedule!$G9),"█","") | I8: =IF(AND(I$5>=Schedule!$F9,I$5<=Schedule!$G9),"█","") | J8: =IF(AND(J$5>=Schedule!$F9,J$5<=Schedule!$G9),"█","") | K8: =IF(AND(K$5>=Schedule!$F9,K$5<=Schedule!$G9),"█","") | L8: =IF(AND(L$5>=Schedule!$F9,L$5<=Schedule!$G9),"█","") | ... AC8: =IF(AND(AC$5>=Schedule!$F9,AC$5<=Schedule!$G9),"█","")
B9: =Schedule!B10 -> T-04 | C9: =Schedule!C10 -> Step 2: Parametric APDL script development | D9: =Schedule!E10 -> In Progress | E9: =IF(AND(E$5>=Schedule!$F10,E$5<=Schedule!$G10),"█","") | F9: =IF(AND(F$5>=Schedule!$F10,F$5<=Schedule!$G10),"█","") | G9: =IF(AND(G$5>=Schedule!$F10,G$5<=Schedule!$G10),"█","") | H9: =IF(AND(H$5>=Schedule!$F10,H$5<=Schedule!$G10),"█","") | I9: =IF(AND(I$5>=Schedule!$F10,I$5<=Schedule!$G10),"█","") | J9: =IF(AND(J$5>=Schedule!$F10,J$5<=Schedule!$G10),"█","") | K9: =IF(AND(K$5>=Schedule!$F10,K$5<=Schedule!$G10),"█","") | L9: =IF(AND(L$5>=Schedule!$F10,L$5<=Schedule!$G10),"█","") | ... AC9: =IF(AND(AC$5>=Schedule!$F10,AC$5<=Schedule!$G10),"█","")
B10: =Schedule!B11 -> T-05 | C10: =Schedule!C11 -> Proposal presentation for project approval | D10: =Schedule!E11 -> Pending | E10: =IF(AND(E$5>=Schedule!$F11,E$5<=Schedule!$G11),"◆","") | F10: =IF(AND(F$5>=Schedule!$F11,F$5<=Schedule!$G11),"◆","") | G10: =IF(AND(G$5>=Schedule!$F11,G$5<=Schedule!$G11),"◆","") | H10: =IF(AND(H$5>=Schedule!$F11,H$5<=Schedule!$G11),"◆","") | I10: =IF(AND(I$5>=Schedule!$F11,I$5<=Schedule!$G11),"◆","") | J10: =IF(AND(J$5>=Schedule!$F11,J$5<=Schedule!$G11),"◆","") | K10: =IF(AND(K$5>=Schedule!$F11,K$5<=Schedule!$G11),"◆","") | L10: =IF(AND(L$5>=Schedule!$F11,L$5<=Schedule!$G11),"◆","") | ... AC10: =IF(AND(AC$5>=Schedule!$F11,AC$5<=Schedule!$G11),"◆","")
B11: =Schedule!B12 -> T-06 | C11: =Schedule!C12 -> Step 3: SFBM load pre-processing (MATLAB) | D11: =Schedule!E12 -> Pending | E11: =IF(AND(E$5>=Schedule!$F12,E$5<=Schedule!$G12),"█","") | F11: =IF(AND(F$5>=Schedule!$F12,F$5<=Schedule!$G12),"█","") | G11: =IF(AND(G$5>=Schedule!$F12,G$5<=Schedule!$G12),"█","") | H11: =IF(AND(H$5>=Schedule!$F12,H$5<=Schedule!$G12),"█","") | I11: =IF(AND(I$5>=Schedule!$F12,I$5<=Schedule!$G12),"█","") | J11: =IF(AND(J$5>=Schedule!$F12,J$5<=Schedule!$G12),"█","") | K11: =IF(AND(K$5>=Schedule!$F12,K$5<=Schedule!$G12),"█","") | L11: =IF(AND(L$5>=Schedule!$F12,L$5<=Schedule!$G12),"█","") | ... AC11: =IF(AND(AC$5>=Schedule!$F12,AC$5<=Schedule!$G12),"█","")
B12: =Schedule!B13 -> T-07 | C12: =Schedule!C13 -> Step 4: Configuration setup & Step 5: Model verification | D12: =Schedule!E13 -> Pending | E12: =IF(AND(E$5>=Schedule!$F13,E$5<=Schedule!$G13),"█","") | F12: =IF(AND(F$5>=Schedule!$F13,F$5<=Schedule!$G13),"█","") | G12: =IF(AND(G$5>=Schedule!$F13,G$5<=Schedule!$G13),"█","") | H12: =IF(AND(H$5>=Schedule!$F13,H$5<=Schedule!$G13),"█","") | I12: =IF(AND(I$5>=Schedule!$F13,I$5<=Schedule!$G13),"█","") | J12: =IF(AND(J$5>=Schedule!$F13,J$5<=Schedule!$G13),"█","") | K12: =IF(AND(K$5>=Schedule!$F13,K$5<=Schedule!$G13),"█","") | L12: =IF(AND(L$5>=Schedule!$F13,L$5<=Schedule!$G13),"█","") | ... AC12: =IF(AND(AC$5>=Schedule!$F13,AC$5<=Schedule!$G13),"█","")
B13: =Schedule!B14 -> T-08 | C13: =Schedule!C14 -> Step 6: Static analysis & Step 7: Baseline validation | D13: =Schedule!E14 -> Pending | E13: =IF(AND(E$5>=Schedule!$F14,E$5<=Schedule!$G14),"█","") | F13: =IF(AND(F$5>=Schedule!$F14,F$5<=Schedule!$G14),"█","") | G13: =IF(AND(G$5>=Schedule!$F14,G$5<=Schedule!$G14),"█","") | H13: =IF(AND(H$5>=Schedule!$F14,H$5<=Schedule!$G14),"█","") | I13: =IF(AND(I$5>=Schedule!$F14,I$5<=Schedule!$G14),"█","") | J13: =IF(AND(J$5>=Schedule!$F14,J$5<=Schedule!$G14),"█","") | K13: =IF(AND(K$5>=Schedule!$F14,K$5<=Schedule!$G14),"█","") | L13: =IF(AND(L$5>=Schedule!$F14,L$5<=Schedule!$G14),"█","") | ... AC13: =IF(AND(AC$5>=Schedule!$F14,AC$5<=Schedule!$G14),"█","")
B14: =Schedule!B15 -> T-09 | C14: =Schedule!C15 -> Step 8: Evaluation & comparison (Config A, B, C) | D14: =Schedule!E15 -> Pending | E14: =IF(AND(E$5>=Schedule!$F15,E$5<=Schedule!$G15),"█","") | F14: =IF(AND(F$5>=Schedule!$F15,F$5<=Schedule!$G15),"█","") | G14: =IF(AND(G$5>=Schedule!$F15,G$5<=Schedule!$G15),"█","") | H14: =IF(AND(H$5>=Schedule!$F15,H$5<=Schedule!$G15),"█","") | I14: =IF(AND(I$5>=Schedule!$F15,I$5<=Schedule!$G15),"█","") | J14: =IF(AND(J$5>=Schedule!$F15,J$5<=Schedule!$G15),"█","") | K14: =IF(AND(K$5>=Schedule!$F15,K$5<=Schedule!$G15),"█","") | L14: =IF(AND(L$5>=Schedule!$F15,L$5<=Schedule!$G15),"█","") | ... AC14: =IF(AND(AC$5>=Schedule!$F15,AC$5<=Schedule!$G15),"█","")
B15: =Schedule!B16 -> T-10 | C15: =Schedule!C16 -> Step 9: Final Report preparation | D15: =Schedule!E16 -> Pending | E15: =IF(AND(E$5>=Schedule!$F16,E$5<=Schedule!$G16),"█","") | F15: =IF(AND(F$5>=Schedule!$F16,F$5<=Schedule!$G16),"█","") | G15: =IF(AND(G$5>=Schedule!$F16,G$5<=Schedule!$G16),"█","") | H15: =IF(AND(H$5>=Schedule!$F16,H$5<=Schedule!$G16),"█","") | I15: =IF(AND(I$5>=Schedule!$F16,I$5<=Schedule!$G16),"█","") | J15: =IF(AND(J$5>=Schedule!$F16,J$5<=Schedule!$G16),"█","") | K15: =IF(AND(K$5>=Schedule!$F16,K$5<=Schedule!$G16),"█","") | L15: =IF(AND(L$5>=Schedule!$F16,L$5<=Schedule!$G16),"█","") | ... AC15: =IF(AND(AC$5>=Schedule!$F16,AC$5<=Schedule!$G16),"█","") -> █

Sheet Budget
B2: Estimated Project Budget & Resource Allocation | D2: Total Allocated Budget | E2: Total Actual Cost | F2: Net Variance
B3: Coursework & Laboratory Resource Utilization | APDL & MATLAB | D3: =E11 -> 0 | E3: 0 | F3: =D3-E3 -> 0
B6: Item / Resource | C6: Description | D6: Source & Licensing | E6: Cost (THB) | F6: Funding Status
B7: ANSYS Mechanical APDL 2026 R1 | C7: Finite element modelling and structural analysis | D7: ANSYS Student version (free) | E7: 0 | F7: University / Academic Free
B8: MATLAB | C8: SFBM load pre-processing & numerical solver | D8: University license (student academic account) | E8: 0 | F8: Institutional License
B9: Computer workstations | C9: Running simulations and mesh generation | D9: Personal student laptops | E9: 0 | F9: Existing Personal Resource
B10: Course materials & reports | C10: Documentation and presentation materials | D10: Digital submission | E10: 0 | F10: Department Digital Facility
B11: Total Estimated Cost | E11: =SUM(E7:E10) -> 0 | F11: Fully Funded / Zero Cost
